Facet Index,Face Up Facet Origin X (m),Face Up Facet Origin Y (m),Face Up Facet Origin Z (m),Face Up Canting Rotation about X (rad),Face Up Canting Rotation about Y (rad),Face Up Surface Normal X,Face Up Surface Normal Y,Face Up Surface Normal Z,Tracking Az (rad),Tracking El (rad),Tracking Facet Origin X (m),Tracking Facet Origin Y (m),Tracking Facet Origin Z (m),Tracking Surface Normal X,Tracking Surface Normal Y,Tracking Surface Normal Z,Sun Ray X,Sun Ray Y,Sun Ray Z,Reflected Ray X,Reflected Ray Y,Reflected Ray Z,Reflected Ray Target Plane Intersection X (m),Reflected Ray Target Plane Intersection Z (m)
1,-2.7941016,2.5655016,-0.0115824,0.007176971435546876,0.008422470092773438,0.00842215,-0.00717691,0.99993878,2.8231208672500285,0.6939310866119042,-76.24735195,137.44206586,4.88850481,0.2501249,-0.7317593,0.63400777,0.00047239,0.56336151,-0.82621038,0.46868152,-0.80641971,0.36058962,-8.75804269e-05,63.55088195
2,-1.2701016,2.5655016,-0.0115824,0.007460021972656251,0.003587722778320312,0.00358762,-0.00745995,0.99996574,2.8231208672500285,0.6939310866119042,-74.79998624,137.91925397,4.88850481,0.24559664,-0.73346468,0.63380743,0.00047239,0.56336151,-0.82621038,0.46059672,-0.81078167,0.36122534,-3.91095039e-05,63.55074739
3,0.,2.5655016,-0.0115824,0.007685089111328125,-0.0004543304443359375,-0.00045432,-0.00768501,0.99997037,2.8231208672500285,0.6939310866119042,-73.59375165,138.31694254,4.88850481,0.24180414,-0.73487035,0.63363738,0.00047239,0.56336151,-0.82621038,0.45380737,-0.81437522,0.36173452,3.02148622e-05,63.55086508
4,1.2701016,2.5655016,-0.0115824,0.007901382446289063,-0.0045078277587890635,-0.00450767,-0.0079013,0.99995862,2.8231208672500285,0.6939310866119042,-72.38751707,138.71463112,4.88850481,0.23799509,-0.73626232,0.6334636,0.00047239,0.56336151,-0.82621038,0.44697194,-0.81793084,0.3622226,-1.12066298e-05,63.5507793
5,2.7941016,2.5655016,-0.0115824,0.008148193359375003,-0.00938529968261719,-0.00938485,-0.0081481,0.99992276,2.8231208672500285,0.6939310866119042,-70.94015136,139.19181923,4.88850481,0.23340395,-0.73791317,0.63325094,0.00047239,0.56336151,-0.82621038,0.43871171,-0.82214443,0.36278173,9.99634664e-05,63.55078028
6,-2.7941016,1.2954,-0.0115824,0.0033809661865234373,0.008656692504882811,0.00865653,-0.00338096,0.99995682,2.8231208672500285,0.6939310866119042,-75.99300462,136.67060153,3.91212973,0.24959167,-0.72939341,0.6369374,0.00047239,0.56336151,-0.82621038,0.46822642,-0.80357799,0.36745943,8.18838798e-05,63.55074585
7,-1.2701016,1.2954,-0.0115824,0.0036609649658203127,0.003816604614257812,0.00381657,-0.00366096,0.99998602,2.8231208672500285,0.6939310866119042,-74.54563891,137.14778964,3.91212973,0.24505818,-0.73110027,0.63674083,0.00047239,0.56336151,-0.82621038,0.46012305,-0.80794845,0.3681115,7.06701806e-05,63.55081209
8,0.,1.2954,-0.0115824,0.0038845062255859378,-0.0002300262451171875,-0.00023002,-0.0038845,0.99999243,2.8231208672500285,0.6939310866119042,-73.33940432,137.54547822,3.91212973,0.24126138,-0.73250778,0.63657309,0.00047239,0.56336151,-0.82621038,0.45331807,-0.81154975,0.36863223,4.62546991e-05,63.55079613
9,1.2701016,1.2954,-0.0115824,0.004098892211914063,-0.0042877197265625,-0.00428767,-0.00409888,0.99998241,2.8231208672500285,0.6939310866119042,-72.13316974,137.94316679,3.91212973,0.23744829,-0.73390119,0.63640187,0.00047239,0.56336151,-0.82621038,0.44646741,-0.81511241,0.36913225,7.95831239e-05,63.55076919
10,2.7941016,1.2954,-0.0115824,0.0043434143066406255,-0.009170913696289062,-0.0091707,-0.0043434,0.99994852,2.8231208672500285,0.6939310866119042,-70.68580403,138.4203549,3.91212973,0.23285162,-0.73555392,0.63619223,0.00047239,0.56336151,-0.82621038,0.4381875,-0.81933481,0.36970554,7.09439148e-05,63.55089016
11,-2.7941016,0.,0.,-0.0004989624023437498,0.008897018432617188,0.0088969,0.00049896,0.9999603,2.8231208672500285,0.6939310866119042,-75.73080317,135.87531477,2.9237145,0.2490438,-0.72696401,0.63992227,0.00047239,0.56336151,-0.82621038,0.46774646,-0.80062117,0.37445826,0.00012175,63.55072728
12,-1.2701016,0.,0.,-0.0002216339111328126,0.004050827026367188,0.00405082,0.00022163,0.99999177,2.8231208672500285,0.6939310866119042,-74.28343746,136.35250288,2.9237145,0.24450452,-0.72867282,0.63972921,0.00047239,0.56336151,-0.82621038,0.45962333,-0.80500099,0.37512639,-0.00011888,63.55082218
13,0.,0.,0.,0,0,0.,0.,1.,2.8231208672500285,0.6939310866119042,-73.07720287,136.75019145,2.9237145,0.24070376,-0.73008183,0.63956409,0.00047239,0.56336151,-0.82621038,0.45280327,-0.8086094,0.37565946,-5.68434189e-14,63.5508
14,1.2701016,0.,0.,0.00021209716796874995,-0.004062652587890626,-0.00406264,-0.0002121,0.99999172,2.8231208672500285,0.6939310866119042,-71.87096829,137.14788002,2.9237145,0.23688589,-0.73147669,0.63939575,0.00047239,0.56336151,-0.82621038,0.44593598,-0.81217941,0.37617245,-5.64257278e-05,63.55093104
15,2.7941016,0.,0.,0.00045547485351562524,-0.008951187133789062,-0.00895107,-0.00045547,0.99995983,2.8231208672500285,0.6939310866119042,-70.42360257,137.62506814,2.9237145,0.23228434,-0.73313188,0.63918826,0.00047239,0.56336151,-0.82621038,0.43763734,-0.81641106,0.37675794,3.36505134e-05,63.55077255
16,-2.7941016,-1.2954,-0.0115824,-0.004418182373046876,0.009117507934570316,0.00911729,0.00441817,0.99994868,2.8231208672500285,0.6939310866119042,-75.47417757,135.0969402,1.92048389,0.24846546,-0.72450598,0.64292768,0.00047239,0.56336151,-0.82621038,0.46720727,-0.79760114,0.38150988,-7.77107965e-05,63.55076389
17,-1.2701016,-1.2954,-0.0115824,-0.004143142700195313,0.0042675018310546885,0.00426745,0.00414313,0.99998231,2.8231208672500285,0.6939310866119042,-74.02681186,135.57412831,1.92048389,0.24392267,-0.72621615,0.64273776,0.00047239,0.56336151,-0.82621038,0.45906829,-0.8019882,0.38219266,-2.94236885e-05,63.55073372
18,0.,-1.2954,-0.0115824,-0.0039237976074218755,0.0002124786376953125,0.00021248,0.00392379,0.99999228,2.8231208672500285,0.6939310866119042,-72.82057727,135.97181689,1.92048389,0.24011793,-0.72762634,0.64257552,0.00047239,0.56336151,-0.82621038,0.45223304,-0.80560313,0.38273865,8.61323872e-06,63.55077287
19,1.2701016,-1.2954,-0.0115824,-0.0037132263183593753,-0.0038539886474609378,-0.00385395,0.00371322,0.99998568,2.8231208672500285,0.6939310866119042,-71.61434269,136.36950546,1.92048389,0.23629656,-0.72902268,0.64240942,0.00047239,0.56336151,-0.82621038,0.44535124,-0.80917974,0.38326287,9.03284078e-06,63.5507648
20,2.7941016,-1.2954,-0.0115824,-0.0034725189208984378,-0.008747482299804689,-0.00874732,0.00347251,0.99995571,2.8231208672500285,0.6939310866119042,-70.16697698,136.84669357,1.92048389,0.23169024,-0.7306792,0.64220522,0.00047239,0.56336151,-0.82621038,0.43703413,-0.81341887,0.38386313,8.44493747e-05,63.55079209
21,-2.7941016,-2.5655016,-0.0115824,-0.008267974853515625,0.00933647155761719,0.00933602,0.00826788,0.99992224,2.8231208672500285,0.6939310866119042,-75.21983024,134.32547587,0.94410881,0.24789589,-0.72207986,0.64587019,0.00047239,0.56336151,-0.82621038,0.46666518,-0.79458123,0.38841251,0.00012585,63.55082025
22,-1.2701016,-2.5655016,-0.0115824,-0.007995605468750003,0.0044811248779296885,0.00448097,0.00799552,0.999958,2.8231208672500285,0.6939310866119042,-73.77246453,134.80266399,0.94410881,0.24334813,-0.72379159,0.64568368,0.00047239,0.56336151,-0.82621038,0.45850804,-0.79897629,0.38911086,-2.54095228e-05,63.55076867
23,0.,-2.5655016,-0.0115824,-0.007778167724609377,0.00042228698730468757,0.00042227,0.00777809,0.99996966,2.8231208672500285,0.6939310866119042,-72.56622994,135.20035256,0.94410881,0.23953988,-0.72520302,0.645524,0.00047239,0.56336151,-0.82621038,0.45165865,-0.80259744,0.38966885,8.93159995e-05,63.55075619
24,1.2701016,-2.5655016,-0.0115824,-0.007569885253906251,-0.0036483764648437503,-0.00364826,0.00756981,0.99996469,2.8231208672500285,0.6939310866119042,-71.35999536,135.59804113,0.94410881,0.23571454,-0.72660045,0.64536071,0.00047239,0.56336151,-0.82621038,0.44476181,-0.8061802,0.39020562,6.65107021e-05,63.55087175
25,2.7941016,-2.5655016,-0.0115824,-0.007331085205078127,-0.008547592163085939,-0.00854726,0.00733102,0.9999366,2.8231208672500285,0.6939310866119042,-69.91262965,136.07522924,0.94410881,0.23110295,-0.72825893,0.64515917,0.00047239,0.56336151,-0.82621038,0.43642549,-0.81042772,0.39081928,-0.00011546,63.55080623
